index	id	pred	true	type
21	688155.SH	0.16934735100074522	0.10671256454388978	TP
269	601311.SH	0.205462892822397	0.45394736842105265	TP
497	600704.SH	-0.16983066651279785	-0.06481481481481499	TN
691	601898.SH	0.1611972920635103	-0.3292682926829268	FP
801	603260.SH	0.18896093315688423	-0.14017494010808396	FP
