index	id	pred	true	type
65	002154.SZ	0.17747896663112145	-0.12085769980506822	FP
116	300394.SZ	0.1648605338022857	0.04565837749694235	TP
123	002375.SZ	-0.15446785351739317	-0.002680965147452974	TN
159	000718.SZ	-0.2578473613243961	0.0	FN
233	688202.SH	-0.21802490219938006	-0.013912553496920999	TN
322	603128.SH	-0.15592380171680764	-0.029088050314465486	TN
450	002010.SZ	-0.1744197214440002	-0.01680672268907568	TN
532	600663.SH	-0.20367873438080336	-0.04916593503072875	TN
806	601919.SH	-0.18191889035362868	-0.04340277777777779	TN
