index	id	pred	true	type
12	688580.SH	-0.16632798482194955	0.08945386064030125	FN
159	000718.SZ	-0.17355885671666788	-0.07708333333333339	TN
183	600123.SH	0.20158698930685384	-0.27959501557632394	FP
233	688202.SH	-0.24873849110574825	-0.209184700216	TN
691	601898.SH	0.17533634415038502	-0.3292682926829268	FP
820	600809.SH	-0.22886782519228155	-0.017369255150554763	TN
