index	id	pred	true	type
12	688580.SH	-0.16622071002817346	0.08945386064030125	FN
21	688155.SH	0.23510958322433148	0.10671256454388978	TP
233	688202.SH	-0.1949315729168336	-0.209184700216	TN
269	601311.SH	0.16528661023442268	0.45394736842105265	TP
650	000009.SZ	0.16651618473670252	-0.07559958289885294	FP
691	601898.SH	0.15858428390636595	-0.3292682926829268	FP
801	603260.SH	0.16523316161389187	-0.14017494010808396	FP
820	600809.SH	-0.20825688602538422	-0.017369255150554763	TN
