index	id	pred	true	type
233	688202.SH	-0.23569621040241034	-0.013912553496920999	TN
